date,provider,model,project,cost_center,tokens_input,tokens_output,request_count,cost_usd,api_key_hash,tags
2026-03-01,anthropic,claude-3-5-sonnet,api,CC-200,416368,100989,3450,2.7639,sk-18efa72c957d57e8,"{""Environment"": ""prod"", ""Owner"": ""api-platform@hbt.co.kr"", ""Project"": ""api"", ""CostCenter"": ""CC-200""}"
2026-03-02,anthropic,claude-3-5-sonnet,api,CC-200,766069,183729,5227,5.0541,sk-18efa72c957d57e8,"{""Environment"": ""prod"", ""Owner"": ""api-platform@hbt.co.kr"", ""Project"": ""api"", ""CostCenter"": ""CC-200""}"
2026-03-03,anthropic,claude-3-5-sonnet,,CC-200,928001,229693,6299,6.2294,sk-18efa72c957d57e8,"{""Environment"": ""prod"", ""Owner"": ""api-platform@hbt.co.kr"", ""CostCenter"": ""CC-200""}"
2026-03-04,anthropic,claude-3-5-sonnet,api,CC-200,926205,204480,5398,5.8458,sk-18efa72c957d57e8,"{""Environment"": ""prod"", ""Owner"": ""api-platform@hbt.co.kr"", ""Project"": ""api"", ""CostCenter"": ""CC-200""}"
2026-03-05,anthropic,claude-3-5-sonnet,api,CC-200,927292,248799,5940,6.5139,sk-18efa72c957d57e8,"{""Environment"": ""prod"", ""Owner"": ""api-platform@hbt.co.kr"", ""Project"": ""api"", ""CostCenter"": ""CC-200""}"
2026-03-06,anthropic,claude-3-5-sonnet,api,CC-200,857873,181747,6019,5.2998,sk-18efa72c957d57e8,"{""Environment"": ""prod"", ""Owner"": ""api-platform@hbt.co.kr"", ""Project"": ""api"", ""CostCenter"": ""CC-200""}"
2026-03-07,anthropic,claude-3-5-sonnet,api,CC-200,450494,133284,2585,3.3507,sk-18efa72c957d57e8,"{""Environment"": ""prod"", ""Owner"": ""api-platform@hbt.co.kr"", ""Project"": ""api"", ""CostCenter"": ""CC-200""}"
2026-03-08,anthropic,claude-3-5-sonnet,api,CC-200,476058,138632,2696,3.5077,sk-18efa72c957d57e8,"{""Environment"": ""prod"", ""Owner"": ""api-platform@hbt.co.kr"", ""Project"": ""api"", ""CostCenter"": ""CC-200""}"
2026-03-09,anthropic,claude-3-5-sonnet,api,CC-200,664159,222973,6293,5.3371,sk-18efa72c957d57e8,"{""Environment"": ""prod"", ""Owner"": ""api-platform@hbt.co.kr"", ""Project"": ""api"", ""CostCenter"": ""CC-200""}"
2026-03-10,anthropic,claude-3-5-sonnet,api,CC-200,729454,202527,5095,5.2263,sk-18efa72c957d57e8,"{""Environment"": ""prod"", ""Owner"": ""api-platform@hbt.co.kr"", ""Project"": ""api"", ""CostCenter"": ""CC-200""}"
2026-03-11,anthropic,claude-3-5-sonnet,api,CC-200,722135,184486,4832,4.9337,sk-18efa72c957d57e8,"{""Environment"": ""prod"", ""Owner"": ""api-platform@hbt.co.kr"", ""Project"": ""api"", ""CostCenter"": ""CC-200""}"
2026-03-12,anthropic,claude-3-5-sonnet,api,CC-200,903931,224186,5039,6.0746,sk-18efa72c957d57e8,"{""Environment"": ""prod"", ""Owner"": ""api-platform@hbt.co.kr"", ""Project"": ""api"", ""CostCenter"": ""CC-200""}"
2026-03-13,anthropic,claude-3-5-sonnet,api,CC-200,870777,256656,6292,6.4622,sk-18efa72c957d57e8,"{""Environment"": ""prod"", ""Owner"": ""api-platform@hbt.co.kr"", ""Project"": ""api"", ""CostCenter"": ""CC-200""}"
2026-03-14,anthropic,claude-3-5-sonnet,api,,526149,129135,3361,3.5155,sk-18efa72c957d57e8,"{""Environment"": ""prod"", ""Owner"": ""api-platform@hbt.co.kr"", ""Project"": ""api""}"
2026-03-15,anthropic,claude-3-5-sonnet,api,CC-200,501855,133033,3406,3.5011,sk-18efa72c957d57e8,"{""Environment"": ""prod"", ""Owner"": ""api-platform@hbt.co.kr"", ""Project"": ""api"", ""CostCenter"": ""CC-200""}"
2026-03-16,anthropic,claude-3-5-sonnet,api,CC-200,882482,210402,6079,5.8035,sk-18efa72c957d57e8,"{""Environment"": ""prod"", ""Owner"": ""api-platform@hbt.co.kr"", ""Project"": ""api"", ""CostCenter"": ""CC-200""}"
2026-03-17,anthropic,claude-3-5-sonnet,api,CC-200,776813,233967,4960,5.8399,sk-18efa72c957d57e8,"{""Environment"": ""prod"", ""Owner"": ""api-platform@hbt.co.kr"", ""Project"": ""api"", ""CostCenter"": ""CC-200""}"
2026-03-18,anthropic,claude-3-5-sonnet,api,,706929,199562,5566,5.1142,sk-18efa72c957d57e8,"{""Environment"": ""prod"", ""Owner"": ""api-platform@hbt.co.kr"", ""Project"": ""api""}"
2026-03-18,openai,gpt-4o,api,CC-200,3743889,1199975,22724,21.3595,sk-fb7bce4f54bbd838,"{""Environment"": ""prod"", ""Owner"": ""api-platform@hbt.co.kr"", ""Project"": ""api"", ""CostCenter"": ""CC-200""}"
2026-03-19,anthropic,claude-3-5-sonnet,api,CC-200,656924,203403,5091,5.0218,sk-18efa72c957d57e8,"{""Environment"": ""prod"", ""Owner"": ""api-platform@hbt.co.kr"", ""Project"": ""api"", ""CostCenter"": ""CC-200""}"
2026-03-19,openai,gpt-4o,,CC-200,2670589,1016632,19176,16.8428,sk-fb7bce4f54bbd838,"{""Environment"": ""prod"", ""Owner"": ""api-platform@hbt.co.kr"", ""CostCenter"": ""CC-200""}"
2026-03-20,anthropic,claude-3-5-sonnet,api,CC-200,821178,178225,5741,5.1369,sk-18efa72c957d57e8,"{""Environment"": ""prod"", ""Owner"": ""api-platform@hbt.co.kr"", ""Project"": ""api"", ""CostCenter"": ""CC-200""}"
2026-03-20,openai,gpt-4o,api,CC-200,3807911,930685,22749,18.8266,sk-fb7bce4f54bbd838,"{""Environment"": ""prod"", ""Owner"": ""api-platform@hbt.co.kr"", ""Project"": ""api"", ""CostCenter"": ""CC-200""}"
2026-03-21,anthropic,claude-3-5-sonnet,api,CC-200,485796,108623,2928,3.0867,sk-18efa72c957d57e8,"{""Environment"": ""prod"", ""Owner"": ""api-platform@hbt.co.kr"", ""Project"": ""api"", ""CostCenter"": ""CC-200""}"
2026-03-21,openai,gpt-4o,api,CC-200,1970986,718252,12299,12.11,sk-fb7bce4f54bbd838,"{""Environment"": ""prod"", ""Owner"": ""api-platform@hbt.co.kr"", ""Project"": ""api"", ""CostCenter"": ""CC-200""}"
2026-03-22,anthropic,claude-3-5-sonnet,api,CC-200,406201,113250,3411,2.9174,sk-18efa72c957d57e8,"{""Environment"": ""prod"", ""Owner"": ""api-platform@hbt.co.kr"", ""Project"": ""api"", ""CostCenter"": ""CC-200""}"
2026-03-22,openai,gpt-4o,api,CC-200,2007179,654250,11148,11.5604,sk-fb7bce4f54bbd838,"{""Environment"": ""prod"", ""Owner"": ""api-platform@hbt.co.kr"", ""Project"": ""api"", ""CostCenter"": ""CC-200""}"
2026-03-23,anthropic,claude-3-5-sonnet,api,CC-200,909479,244307,4678,6.393,sk-18efa72c957d57e8,"{""Environment"": ""prod"", ""Owner"": ""api-platform@hbt.co.kr"", ""Project"": ""api"", ""CostCenter"": ""CC-200""}"
2026-03-24,anthropic,claude-3-5-sonnet,api,CC-200,945648,246067,5733,6.5279,sk-18efa72c957d57e8,"{""Environment"": ""prod"", ""Owner"": ""api-platform@hbt.co.kr"", ""Project"": ""api"", ""CostCenter"": ""CC-200""}"
2026-03-25,anthropic,claude-3-5-sonnet,api,CC-200,807863,228944,5623,5.8577,sk-18efa72c957d57e8,"{""Environment"": ""prod"", ""Owner"": ""api-platform@hbt.co.kr"", ""Project"": ""api"", ""CostCenter"": ""CC-200""}"
2026-03-26,anthropic,claude-3-5-sonnet,api,CC-200,736471,208663,6038,5.3394,sk-18efa72c957d57e8,"{""Environment"": ""prod"", ""Owner"": ""api-platform@hbt.co.kr"", ""Project"": ""api"", ""CostCenter"": ""CC-200""}"
2026-03-27,anthropic,claude-3-5-sonnet,api,CC-200,913660,176188,5844,5.3838,sk-18efa72c957d57e8,"{""Environment"": ""prod"", ""Owner"": ""api-platform@hbt.co.kr"", ""Project"": ""api"", ""CostCenter"": ""CC-200""}"
2026-03-28,anthropic,claude-3-5-sonnet,api,CC-200,359916,107919,3053,2.6985,sk-18efa72c957d57e8,"{""Environment"": ""prod"", ""Owner"": ""api-platform@hbt.co.kr"", ""Project"": ""api"", ""CostCenter"": ""CC-200""}"
2026-03-29,anthropic,claude-3-5-sonnet,api,CC-200,381347,102510,2840,2.6817,sk-18efa72c957d57e8,"{""Environment"": ""prod"", ""Owner"": ""api-platform@hbt.co.kr"", ""Project"": ""api"", ""CostCenter"": ""CC-200""}"
2026-03-30,anthropic,claude-3-5-sonnet,,CC-200,648144,179063,4867,4.6304,sk-18efa72c957d57e8,"{""Environment"": ""prod"", ""Owner"": ""api-platform@hbt.co.kr"", ""CostCenter"": ""CC-200""}"
2026-03-31,anthropic,claude-3-5-sonnet,api,CC-200,681671,246889,6027,5.7483,sk-18efa72c957d57e8,"{""Environment"": ""prod"", ""Owner"": ""api-platform@hbt.co.kr"", ""Project"": ""api"", ""CostCenter"": ""CC-200""}"
2026-03-01,openai,gpt-4o-mini,,CC-300,1827099,239441,6429,0.4177,sk-d32e4b7008ec700a,"{""Environment"": ""prod"", ""Owner"": ""ml-platform@hbt.co.kr"", ""CostCenter"": ""CC-300""}"
2026-03-02,openai,gpt-4o-mini,ml,CC-300,1987938,404621,8184,0.541,sk-d32e4b7008ec700a,"{""Environment"": ""prod"", ""Owner"": ""ml-platform@hbt.co.kr"", ""Project"": ""ml"", ""CostCenter"": ""CC-300""}"
2026-03-03,openai,gpt-4o-mini,ml,CC-300,2693998,366961,8090,0.6243,sk-d32e4b7008ec700a,"{""Environment"": ""prod"", ""Owner"": ""ml-platform@hbt.co.kr"", ""Project"": ""ml"", ""CostCenter"": ""CC-300""}"
2026-03-04,openai,gpt-4o-mini,ml,CC-300,1981162,393928,9381,0.5335,sk-d32e4b7008ec700a,"{""Environment"": ""prod"", ""Owner"": ""ml-platform@hbt.co.kr"", ""Project"": ""ml"", ""CostCenter"": ""CC-300""}"
2026-03-05,openai,gpt-4o-mini,ml,CC-300,2738462,347677,8538,0.6194,sk-d32e4b7008ec700a,"{""Environment"": ""prod"", ""Owner"": ""ml-platform@hbt.co.kr"", ""Project"": ""ml"", ""CostCenter"": ""CC-300""}"
2026-03-06,openai,gpt-4o-mini,ml,CC-300,2230468,344624,8778,0.5413,sk-d32e4b7008ec700a,"{""Environment"": ""prod"", ""Owner"": ""ml-platform@hbt.co.kr"", ""Project"": ""ml"", ""CostCenter"": ""CC-300""}"
2026-03-07,openai,gpt-4o-mini,ml,CC-300,1963975,291972,7168,0.4698,sk-d32e4b7008ec700a,"{""Environment"": ""prod"", ""Owner"": ""ml-platform@hbt.co.kr"", ""Project"": ""ml"", ""CostCenter"": ""CC-300""}"
2026-03-08,openai,gpt-4o-mini,ml,CC-300,1489045,283090,7103,0.3932,sk-d32e4b7008ec700a,"{""Environment"": ""prod"", ""Owner"": ""ml-platform@hbt.co.kr"", ""Project"": ""ml"", ""CostCenter"": ""CC-300""}"
2026-03-09,openai,gpt-4o-mini,ml,,2682599,392109,7938,0.6377,sk-d32e4b7008ec700a,"{""Environment"": ""prod"", ""Owner"": ""ml-platform@hbt.co.kr"", ""Project"": ""ml""}"
2026-03-10,openai,gpt-4o-mini,ml,CC-300,2173055,415112,10259,0.575,sk-d32e4b7008ec700a,"{""Environment"": ""prod"", ""Owner"": ""ml-platform@hbt.co.kr"", ""Project"": ""ml"", ""CostCenter"": ""CC-300""}"
2026-03-11,openai,gpt-4o-mini,ml,CC-300,2401141,322425,9567,0.5536,sk-d32e4b7008ec700a,"{""Environment"": ""prod"", ""Owner"": ""ml-platform@hbt.co.kr"", ""Project"": ""ml"", ""CostCenter"": ""CC-300""}"
2026-03-12,openai,gpt-4o-mini,ml,CC-300,2411483,449747,8151,0.6316,sk-d32e4b7008ec700a,"{""Environment"": ""prod"", ""Owner"": ""ml-platform@hbt.co.kr"", ""Project"": ""ml"", ""CostCenter"": ""CC-300""}"
2026-03-13,openai,gpt-4o-mini,ml,CC-300,2435173,455463,8342,0.6386,sk-d32e4b7008ec700a,"{""Environment"": ""prod"", ""Owner"": ""ml-platform@hbt.co.kr"", ""Project"": ""ml"", ""CostCenter"": ""CC-300""}"
2026-03-14,openai,gpt-4o-mini,ml,CC-300,1824897,333420,6515,0.4738,sk-d32e4b7008ec700a,"{""Environment"": ""prod"", ""Owner"": ""ml-platform@hbt.co.kr"", ""Project"": ""ml"", ""CostCenter"": ""CC-300""}"
2026-03-15,openai,gpt-4o-mini,,CC-300,1545353,310743,5812,0.4182,sk-d32e4b7008ec700a,"{""Environment"": ""prod"", ""Owner"": ""ml-platform@hbt.co.kr"", ""CostCenter"": ""CC-300""}"
2026-03-16,openai,gpt-4o-mini,ml,,2137911,417809,9852,0.5714,sk-d32e4b7008ec700a,"{""Environment"": ""prod"", ""Owner"": ""ml-platform@hbt.co.kr"", ""Project"": ""ml""}"
2026-03-17,openai,gpt-4o-mini,ml,CC-300,2553773,418573,8182,0.6342,sk-d32e4b7008ec700a,"{""Environment"": ""prod"", ""Owner"": ""ml-platform@hbt.co.kr"", ""Project"": ""ml"", ""CostCenter"": ""CC-300""}"
2026-03-18,openai,gpt-4o-mini,ml,CC-300,2363801,470985,9902,0.6372,sk-d32e4b7008ec700a,"{""Environment"": ""prod"", ""Owner"": ""ml-platform@hbt.co.kr"", ""Project"": ""ml"", ""CostCenter"": ""CC-300""}"
2026-03-19,openai,gpt-4o-mini,ml,CC-300,2477937,444357,9470,0.6383,sk-d32e4b7008ec700a,"{""Environment"": ""prod"", ""Owner"": ""ml-platform@hbt.co.kr"", ""Project"": ""ml"", ""CostCenter"": ""CC-300""}"
2026-03-20,openai,gpt-4o-mini,ml,CC-300,2016076,334132,9131,0.5029,sk-d32e4b7008ec700a,"{""Environment"": ""prod"", ""Owner"": ""ml-platform@hbt.co.kr"", ""Project"": ""ml"", ""CostCenter"": ""CC-300""}"
2026-03-21,openai,gpt-4o-mini,ml,CC-300,1643794,331596,5990,0.4455,sk-d32e4b7008ec700a,"{""Environment"": ""prod"", ""Owner"": ""ml-platform@hbt.co.kr"", ""Project"": ""ml"", ""CostCenter"": ""CC-300""}"
2026-03-22,openai,gpt-4o-mini,ml,CC-300,1555319,320865,5599,0.4258,sk-d32e4b7008ec700a,"{""Environment"": ""prod"", ""Owner"": ""ml-platform@hbt.co.kr"", ""Project"": ""ml"", ""CostCenter"": ""CC-300""}"
2026-03-23,openai,gpt-4o-mini,ml,CC-300,2431917,396701,10078,0.6028,sk-d32e4b7008ec700a,"{""Environment"": ""prod"", ""Owner"": ""ml-platform@hbt.co.kr"", ""Project"": ""ml"", ""CostCenter"": ""CC-300""}"
2026-03-24,openai,gpt-4o-mini,ml,CC-300,2780695,323373,9440,0.6111,sk-d32e4b7008ec700a,"{""Environment"": ""prod"", ""Owner"": ""ml-platform@hbt.co.kr"", ""Project"": ""ml"", ""CostCenter"": ""CC-300""}"
2026-03-25,openai,gpt-4o-mini,ml,CC-300,2570958,434174,10061,0.6461,sk-d32e4b7008ec700a,"{""Environment"": ""prod"", ""Owner"": ""ml-platform@hbt.co.kr"", ""Project"": ""ml"", ""CostCenter"": ""CC-300""}"
2026-03-26,openai,gpt-4o-mini,ml,CC-300,2361272,428188,9069,0.6111,sk-d32e4b7008ec700a,"{""Environment"": ""prod"", ""Owner"": ""ml-platform@hbt.co.kr"", ""Project"": ""ml"", ""CostCenter"": ""CC-300""}"
2026-03-27,openai,gpt-4o-mini,ml,CC-300,2307272,405992,10167,0.5897,sk-d32e4b7008ec700a,"{""Environment"": ""prod"", ""Owner"": ""ml-platform@hbt.co.kr"", ""Project"": ""ml"", ""CostCenter"": ""CC-300""}"
2026-03-28,openai,gpt-4o-mini,ml,CC-300,1615952,253127,6101,0.3943,sk-d32e4b7008ec700a,"{""Environment"": ""prod"", ""Owner"": ""ml-platform@hbt.co.kr"", ""Project"": ""ml"", ""CostCenter"": ""CC-300""}"
2026-03-29,openai,gpt-4o-mini,ml,CC-300,1694851,242065,6119,0.3995,sk-d32e4b7008ec700a,"{""Environment"": ""prod"", ""Owner"": ""ml-platform@hbt.co.kr"", ""Project"": ""ml"", ""CostCenter"": ""CC-300""}"
2026-03-30,openai,gpt-4o-mini,ml,CC-300,2261557,473152,8873,0.6231,sk-d32e4b7008ec700a,"{""Environment"": ""prod"", ""Owner"": ""ml-platform@hbt.co.kr"", ""Project"": ""ml"", ""CostCenter"": ""CC-300""}"
2026-03-31,openai,gpt-4o-mini,ml,CC-300,2266399,380915,7799,0.5685,sk-d32e4b7008ec700a,"{""Environment"": ""prod"", ""Owner"": ""ml-platform@hbt.co.kr"", ""Project"": ""ml"", ""CostCenter"": ""CC-300""}"
2026-03-01,openai,gpt-4o,data,CC-300,200098,26080,1435,0.761,sk-9e1c9e1ba8e39b43,"{""Environment"": ""prod"", ""Owner"": ""data-platform@hbt.co.kr"", ""Project"": ""data"", ""CostCenter"": ""CC-300""}"
2026-03-02,openai,gpt-4o,data,CC-300,519187,77199,4087,2.07,sk-9e1c9e1ba8e39b43,"{""Environment"": ""prod"", ""Owner"": ""data-platform@hbt.co.kr"", ""Project"": ""data"", ""CostCenter"": ""CC-300""}"
2026-03-03,openai,gpt-4o,data,,584883,71322,4720,2.1754,sk-9e1c9e1ba8e39b43,"{""Environment"": ""prod"", ""Owner"": ""data-platform@hbt.co.kr"", ""Project"": ""data""}"
2026-03-04,openai,gpt-4o,data,CC-300,653050,77780,4308,2.4104,sk-9e1c9e1ba8e39b43,"{""Environment"": ""prod"", ""Owner"": ""data-platform@hbt.co.kr"", ""Project"": ""data"", ""CostCenter"": ""CC-300""}"
2026-03-05,openai,gpt-4o,data,CC-300,637440,65036,4904,2.244,sk-9e1c9e1ba8e39b43,"{""Environment"": ""prod"", ""Owner"": ""data-platform@hbt.co.kr"", ""Project"": ""data"", ""CostCenter"": ""CC-300""}"
2026-03-06,openai,gpt-4o,data,CC-300,570678,89043,5163,2.3171,sk-9e1c9e1ba8e39b43,"{""Environment"": ""prod"", ""Owner"": ""data-platform@hbt.co.kr"", ""Project"": ""data"", ""CostCenter"": ""CC-300""}"
2026-03-07,openai,gpt-4o,data,CC-300,156970,19293,1478,0.5854,sk-9e1c9e1ba8e39b43,"{""Environment"": ""prod"", ""Owner"": ""data-platform@hbt.co.kr"", ""Project"": ""data"", ""CostCenter"": ""CC-300""}"
2026-03-08,openai,gpt-4o,data,CC-300,157860,20230,1528,0.5969,sk-9e1c9e1ba8e39b43,"{""Environment"": ""prod"", ""Owner"": ""data-platform@hbt.co.kr"", ""Project"": ""data"", ""CostCenter"": ""CC-300""}"
2026-03-09,openai,gpt-4o,data,CC-300,638505,65122,4910,2.2475,sk-9e1c9e1ba8e39b43,"{""Environment"": ""prod"", ""Owner"": ""data-platform@hbt.co.kr"", ""Project"": ""data"", ""CostCenter"": ""CC-300""}"
2026-03-10,openai,gpt-4o,data,CC-300,549351,81357,4877,2.1869,sk-9e1c9e1ba8e39b43,"{""Environment"": ""prod"", ""Owner"": ""data-platform@hbt.co.kr"", ""Project"": ""data"", ""CostCenter"": ""CC-300""}"
2026-03-11,openai,gpt-4o,,CC-300,640040,73508,5147,2.3352,sk-9e1c9e1ba8e39b43,"{""Environment"": ""prod"", ""Owner"": ""data-platform@hbt.co.kr"", ""CostCenter"": ""CC-300""}"
2026-03-12,openai,gpt-4o,data,CC-300,603843,74144,3938,2.251,sk-9e1c9e1ba8e39b43,"{""Environment"": ""prod"", ""Owner"": ""data-platform@hbt.co.kr"", ""Project"": ""data"", ""CostCenter"": ""CC-300""}"
2026-03-13,openai,gpt-4o,data,CC-300,519119,77331,4005,2.0711,sk-9e1c9e1ba8e39b43,"{""Environment"": ""prod"", ""Owner"": ""data-platform@hbt.co.kr"", ""Project"": ""data"", ""CostCenter"": ""CC-300""}"
2026-03-14,openai,gpt-4o,data,CC-300,182318,24904,1273,0.7048,sk-9e1c9e1ba8e39b43,"{""Environment"": ""prod"", ""Owner"": ""data-platform@hbt.co.kr"", ""Project"": ""data"", ""CostCenter"": ""CC-300""}"
2026-03-15,openai,gpt-4o,data,CC-300,215916,28427,1512,0.8241,sk-9e1c9e1ba8e39b43,"{""Environment"": ""prod"", ""Owner"": ""data-platform@hbt.co.kr"", ""Project"": ""data"", ""CostCenter"": ""CC-300""}"
2026-03-16,openai,gpt-4o,data,CC-300,548042,93091,4299,2.301,sk-9e1c9e1ba8e39b43,"{""Environment"": ""prod"", ""Owner"": ""data-platform@hbt.co.kr"", ""Project"": ""data"", ""CostCenter"": ""CC-300""}"
2026-03-17,openai,gpt-4o,data,CC-300,610964,72270,3837,2.2501,sk-9e1c9e1ba8e39b43,"{""Environment"": ""prod"", ""Owner"": ""data-platform@hbt.co.kr"", ""Project"": ""data"", ""CostCenter"": ""CC-300""}"
2026-03-18,openai,gpt-4o,data,,505109,66160,3952,1.9244,sk-9e1c9e1ba8e39b43,"{""Environment"": ""prod"", ""Owner"": ""data-platform@hbt.co.kr"", ""Project"": ""data""}"
2026-03-19,openai,gpt-4o,data,CC-300,568628,86833,4685,2.2899,sk-9e1c9e1ba8e39b43,"{""Environment"": ""prod"", ""Owner"": ""data-platform@hbt.co.kr"", ""Project"": ""data"", ""CostCenter"": ""CC-300""}"
2026-03-20,openai,gpt-4o,data,CC-300,614322,72958,4170,2.2654,sk-9e1c9e1ba8e39b43,"{""Environment"": ""prod"", ""Owner"": ""data-platform@hbt.co.kr"", ""Project"": ""data"", ""CostCenter"": ""CC-300""}"
2026-03-21,openai,gpt-4o,data,CC-300,194415,26317,1165,0.7492,sk-9e1c9e1ba8e39b43,"{""Environment"": ""prod"", ""Owner"": ""data-platform@hbt.co.kr"", ""Project"": ""data"", ""CostCenter"": ""CC-300""}"
2026-03-22,openai,gpt-4o,data,CC-300,212601,25651,1415,0.788,sk-9e1c9e1ba8e39b43,"{""Environment"": ""prod"", ""Owner"": ""data-platform@hbt.co.kr"", ""Project"": ""data"", ""CostCenter"": ""CC-300""}"
2026-03-23,openai,gpt-4o,data,CC-300,690751,80636,4964,2.5332,sk-9e1c9e1ba8e39b43,"{""Environment"": ""prod"", ""Owner"": ""data-platform@hbt.co.kr"", ""Project"": ""data"", ""CostCenter"": ""CC-300""}"
2026-03-24,openai,gpt-4o,data,CC-300,511937,95942,3847,2.2393,sk-9e1c9e1ba8e39b43,"{""Environment"": ""prod"", ""Owner"": ""data-platform@hbt.co.kr"", ""Project"": ""data"", ""CostCenter"": ""CC-300""}"
2026-03-25,openai,gpt-4o,,CC-300,629416,82729,3891,2.4008,sk-9e1c9e1ba8e39b43,"{""Environment"": ""prod"", ""Owner"": ""data-platform@hbt.co.kr"", ""CostCenter"": ""CC-300""}"
2026-03-26,openai,gpt-4o,data,CC-300,485360,73314,4246,1.9465,sk-9e1c9e1ba8e39b43,"{""Environment"": ""prod"", ""Owner"": ""data-platform@hbt.co.kr"", ""Project"": ""data"", ""CostCenter"": ""CC-300""}"
2026-03-27,openai,gpt-4o,data,CC-300,504537,70112,4940,1.9625,sk-9e1c9e1ba8e39b43,"{""Environment"": ""prod"", ""Owner"": ""data-platform@hbt.co.kr"", ""Project"": ""data"", ""CostCenter"": ""CC-300""}"
2026-03-28,openai,gpt-4o,data,CC-300,181101,25959,1255,0.7123,sk-9e1c9e1ba8e39b43,"{""Environment"": ""prod"", ""Owner"": ""data-platform@hbt.co.kr"", ""Project"": ""data"", ""CostCenter"": ""CC-300""}"
2026-03-29,openai,gpt-4o,data,CC-300,190356,25245,1480,0.7283,sk-9e1c9e1ba8e39b43,"{""Environment"": ""prod"", ""Owner"": ""data-platform@hbt.co.kr"", ""Project"": ""data"", ""CostCenter"": ""CC-300""}"
2026-03-30,openai,gpt-4o,data,CC-300,629478,68081,4864,2.2545,sk-9e1c9e1ba8e39b43,"{""Environment"": ""prod"", ""Owner"": ""data-platform@hbt.co.kr"", ""Project"": ""data"", ""CostCenter"": ""CC-300""}"
2026-03-31,openai,gpt-4o,data,CC-300,687591,89812,3874,2.6171,sk-9e1c9e1ba8e39b43,"{""Environment"": ""prod"", ""Owner"": ""data-platform@hbt.co.kr"", ""Project"": ""data"", ""CostCenter"": ""CC-300""}"
2026-03-01,anthropic,claude-3-haiku,web,CC-200,109347,36145,478,0.0725,sk-5ef01757b88e1394,"{""Environment"": ""prod"", ""Owner"": ""web-team@hbt.co.kr"", ""Project"": ""web"", ""CostCenter"": ""CC-200""}"
2026-03-02,anthropic,claude-3-haiku,web,CC-200,278187,95625,1021,0.1891,sk-5ef01757b88e1394,"{""Environment"": ""prod"", ""Owner"": ""web-team@hbt.co.kr"", ""Project"": ""web"", ""CostCenter"": ""CC-200""}"
2026-03-03,anthropic,claude-3-haiku,web,CC-200,301784,83725,1312,0.1801,sk-5ef01757b88e1394,"{""Environment"": ""prod"", ""Owner"": ""web-team@hbt.co.kr"", ""Project"": ""web"", ""CostCenter"": ""CC-200""}"
2026-03-04,anthropic,claude-3-haiku,web,CC-200,269894,89612,1284,0.1795,sk-5ef01757b88e1394,"{""Environment"": ""prod"", ""Owner"": ""web-team@hbt.co.kr"", ""Project"": ""web"", ""CostCenter"": ""CC-200""}"
2026-03-05,anthropic,claude-3-haiku,web,CC-200,346503,79244,1187,0.1857,sk-5ef01757b88e1394,"{""Environment"": ""prod"", ""Owner"": ""web-team@hbt.co.kr"", ""Project"": ""web"", ""CostCenter"": ""CC-200""}"
2026-03-06,anthropic,claude-3-haiku,web,CC-200,331964,64282,1056,0.1633,sk-5ef01757b88e1394,"{""Environment"": ""prod"", ""Owner"": ""web-team@hbt.co.kr"", ""Project"": ""web"", ""CostCenter"": ""CC-200""}"
2026-03-07,anthropic,claude-3-haiku,,CC-200,130682,36355,416,0.0781,sk-5ef01757b88e1394,"{""Environment"": ""prod"", ""Owner"": ""web-team@hbt.co.kr"", ""CostCenter"": ""CC-200""}"
2026-03-08,anthropic,claude-3-haiku,web,CC-200,122812,37360,421,0.0774,sk-5ef01757b88e1394,"{""Environment"": ""prod"", ""Owner"": ""web-team@hbt.co.kr"", ""Project"": ""web"", ""CostCenter"": ""CC-200""}"
2026-03-09,anthropic,claude-3-haiku,web,CC-200,270889,94703,1062,0.1861,sk-5ef01757b88e1394,"{""Environment"": ""prod"", ""Owner"": ""web-team@hbt.co.kr"", ""Project"": ""web"", ""CostCenter"": ""CC-200""}"
2026-03-10,anthropic,claude-3-haiku,web,CC-200,269139,69924,1221,0.1547,sk-5ef01757b88e1394,"{""Environment"": ""prod"", ""Owner"": ""web-team@hbt.co.kr"", ""Project"": ""web"", ""CostCenter"": ""CC-200""}"
2026-03-11,anthropic,claude-3-haiku,,CC-200,355070,69340,1343,0.1754,sk-5ef01757b88e1394,"{""Environment"": ""prod"", ""Owner"": ""web-team@hbt.co.kr"", ""CostCenter"": ""CC-200""}"
2026-03-12,anthropic,claude-3-haiku,web,CC-200,294945,65277,1192,0.1553,sk-5ef01757b88e1394,"{""Environment"": ""prod"", ""Owner"": ""web-team@hbt.co.kr"", ""Project"": ""web"", ""CostCenter"": ""CC-200""}"
2026-03-13,anthropic,claude-3-haiku,web,CC-200,276296,78324,1305,0.167,sk-5ef01757b88e1394,"{""Environment"": ""prod"", ""Owner"": ""web-team@hbt.co.kr"", ""Project"": ""web"", ""CostCenter"": ""CC-200""}"
2026-03-14,anthropic,claude-3-haiku,web,CC-200,119518,26611,458,0.0631,sk-5ef01757b88e1394,"{""Environment"": ""prod"", ""Owner"": ""web-team@hbt.co.kr"", ""Project"": ""web"", ""CostCenter"": ""CC-200""}"
2026-03-15,anthropic,claude-3-haiku,web,CC-200,139658,35909,477,0.0798,sk-5ef01757b88e1394,"{""Environment"": ""prod"", ""Owner"": ""web-team@hbt.co.kr"", ""Project"": ""web"", ""CostCenter"": ""CC-200""}"
2026-03-16,anthropic,claude-3-haiku,web,,357785,78680,1288,0.1878,sk-5ef01757b88e1394,"{""Environment"": ""prod"", ""Owner"": ""web-team@hbt.co.kr"", ""Project"": ""web""}"
2026-03-17,anthropic,claude-3-haiku,web,CC-200,297817,72202,1207,0.1647,sk-5ef01757b88e1394,"{""Environment"": ""prod"", ""Owner"": ""web-team@hbt.co.kr"", ""Project"": ""web"", ""CostCenter"": ""CC-200""}"
2026-03-18,anthropic,claude-3-haiku,web,CC-200,359205,75475,1080,0.1841,sk-5ef01757b88e1394,"{""Environment"": ""prod"", ""Owner"": ""web-team@hbt.co.kr"", ""Project"": ""web"", ""CostCenter"": ""CC-200""}"
2026-03-19,anthropic,claude-3-haiku,,CC-200,327496,70303,1116,0.1698,sk-5ef01757b88e1394,"{""Environment"": ""prod"", ""Owner"": ""web-team@hbt.co.kr"", ""CostCenter"": ""CC-200""}"
2026-03-20,anthropic,claude-3-haiku,web,CC-200,241595,83062,1309,0.1642,sk-5ef01757b88e1394,"{""Environment"": ""prod"", ""Owner"": ""web-team@hbt.co.kr"", ""Project"": ""web"", ""CostCenter"": ""CC-200""}"
2026-03-21,anthropic,claude-3-haiku,web,CC-200,101935,37448,424,0.0723,sk-5ef01757b88e1394,"{""Environment"": ""prod"", ""Owner"": ""web-team@hbt.co.kr"", ""Project"": ""web"", ""CostCenter"": ""CC-200""}"
2026-03-22,anthropic,claude-3-haiku,web,CC-200,98402,33280,542,0.0662,sk-5ef01757b88e1394,"{""Environment"": ""prod"", ""Owner"": ""web-team@hbt.co.kr"", ""Project"": ""web"", ""CostCenter"": ""CC-200""}"
2026-03-23,anthropic,claude-3-haiku,web,CC-200,317642,90604,1339,0.1927,sk-5ef01757b88e1394,"{""Environment"": ""prod"", ""Owner"": ""web-team@hbt.co.kr"", ""Project"": ""web"", ""CostCenter"": ""CC-200""}"
2026-03-24,anthropic,claude-3-haiku,web,CC-200,347171,77223,1344,0.1833,sk-5ef01757b88e1394,"{""Environment"": ""prod"", ""Owner"": ""web-team@hbt.co.kr"", ""Project"": ""web"", ""CostCenter"": ""CC-200""}"
2026-03-25,anthropic,claude-3-haiku,web,CC-200,308315,64306,1236,0.1575,sk-5ef01757b88e1394,"{""Environment"": ""prod"", ""Owner"": ""web-team@hbt.co.kr"", ""Project"": ""web"", ""CostCenter"": ""CC-200""}"
2026-03-26,anthropic,claude-3-haiku,web,CC-200,299080,66659,1079,0.1581,sk-5ef01757b88e1394,"{""Environment"": ""prod"", ""Owner"": ""web-team@hbt.co.kr"", ""Project"": ""web"", ""CostCenter"": ""CC-200""}"
2026-03-27,anthropic,claude-3-haiku,web,CC-200,263492,81420,1361,0.1676,sk-5ef01757b88e1394,"{""Environment"": ""prod"", ""Owner"": ""web-team@hbt.co.kr"", ""Project"": ""web"", ""CostCenter"": ""CC-200""}"
2026-03-28,anthropic,claude-3-haiku,web,CC-200,121093,38128,476,0.0779,sk-5ef01757b88e1394,"{""Environment"": ""prod"", ""Owner"": ""web-team@hbt.co.kr"", ""Project"": ""web"", ""CostCenter"": ""CC-200""}"
2026-03-29,anthropic,claude-3-haiku,web,CC-200,128744,34267,452,0.075,sk-5ef01757b88e1394,"{""Environment"": ""prod"", ""Owner"": ""web-team@hbt.co.kr"", ""Project"": ""web"", ""CostCenter"": ""CC-200""}"
2026-03-30,anthropic,claude-3-haiku,web,CC-200,336638,65346,1330,0.1658,sk-5ef01757b88e1394,"{""Environment"": ""prod"", ""Owner"": ""web-team@hbt.co.kr"", ""Project"": ""web"", ""CostCenter"": ""CC-200""}"
2026-03-31,anthropic,claude-3-haiku,web,CC-200,302193,95708,1052,0.1952,sk-5ef01757b88e1394,"{""Environment"": ""prod"", ""Owner"": ""web-team@hbt.co.kr"", ""Project"": ""web"", ""CostCenter"": ""CC-200""}"
2026-03-01,openai,gpt-4o-mini,api,CC-200,676922,114479,1905,0.1702,sk-8118e297ead8c0ad,"{""Environment"": ""prod"", ""Owner"": ""api-platform@hbt.co.kr"", ""Project"": ""api"", ""CostCenter"": ""CC-200""}"
2026-03-02,openai,gpt-4o-mini,,CC-200,928892,174230,2789,0.2439,sk-8118e297ead8c0ad,"{""Environment"": ""prod"", ""Owner"": ""api-platform@hbt.co.kr"", ""CostCenter"": ""CC-200""}"
2026-03-03,openai,gpt-4o-mini,api,CC-200,1061261,145260,2944,0.2463,sk-8118e297ead8c0ad,"{""Environment"": ""prod"", ""Owner"": ""api-platform@hbt.co.kr"", ""Project"": ""api"", ""CostCenter"": ""CC-200""}"
2026-03-04,openai,gpt-4o-mini,,CC-200,916491,176786,3286,0.2435,sk-8118e297ead8c0ad,"{""Environment"": ""prod"", ""Owner"": ""api-platform@hbt.co.kr"", ""CostCenter"": ""CC-200""}"
2026-03-05,openai,gpt-4o-mini,api,CC-200,1129193,162625,3291,0.267,sk-8118e297ead8c0ad,"{""Environment"": ""prod"", ""Owner"": ""api-platform@hbt.co.kr"", ""Project"": ""api"", ""CostCenter"": ""CC-200""}"
2026-03-06,openai,gpt-4o-mini,api,CC-200,1162162,194151,2813,0.2908,sk-8118e297ead8c0ad,"{""Environment"": ""prod"", ""Owner"": ""api-platform@hbt.co.kr"", ""Project"": ""api"", ""CostCenter"": ""CC-200""}"
2026-03-07,openai,gpt-4o-mini,api,CC-200,536960,90984,1982,0.1351,sk-8118e297ead8c0ad,"{""Environment"": ""prod"", ""Owner"": ""api-platform@hbt.co.kr"", ""Project"": ""api"", ""CostCenter"": ""CC-200""}"
2026-03-08,openai,gpt-4o-mini,api,CC-200,744530,86791,1654,0.1638,sk-8118e297ead8c0ad,"{""Environment"": ""prod"", ""Owner"": ""api-platform@hbt.co.kr"", ""Project"": ""api"", ""CostCenter"": ""CC-200""}"
2026-03-09,openai,gpt-4o-mini,api,,1236930,152705,3527,0.2772,sk-8118e297ead8c0ad,"{""Environment"": ""prod"", ""Owner"": ""api-platform@hbt.co.kr"", ""Project"": ""api""}"
2026-03-10,openai,gpt-4o-mini,api,CC-200,1092462,168611,3133,0.265,sk-8118e297ead8c0ad,"{""Environment"": ""prod"", ""Owner"": ""api-platform@hbt.co.kr"", ""Project"": ""api"", ""CostCenter"": ""CC-200""}"
2026-03-11,openai,gpt-4o-mini,api,CC-200,1270832,184841,3401,0.3015,sk-8118e297ead8c0ad,"{""Environment"": ""prod"", ""Owner"": ""api-platform@hbt.co.kr"", ""Project"": ""api"", ""CostCenter"": ""CC-200""}"
2026-03-12,openai,gpt-4o-mini,,CC-200,910653,165879,3571,0.2361,sk-8118e297ead8c0ad,"{""Environment"": ""prod"", ""Owner"": ""api-platform@hbt.co.kr"", ""CostCenter"": ""CC-200""}"
2026-03-13,openai,gpt-4o-mini,api,CC-200,921978,147343,3630,0.2267,sk-8118e297ead8c0ad,"{""Environment"": ""prod"", ""Owner"": ""api-platform@hbt.co.kr"", ""Project"": ""api"", ""CostCenter"": ""CC-200""}"
2026-03-14,openai,gpt-4o-mini,api,CC-200,557181,120743,1692,0.156,sk-8118e297ead8c0ad,"{""Environment"": ""prod"", ""Owner"": ""api-platform@hbt.co.kr"", ""Project"": ""api"", ""CostCenter"": ""CC-200""}"
2026-03-15,openai,gpt-4o-mini,api,CC-200,584407,105469,1852,0.1509,sk-8118e297ead8c0ad,"{""Environment"": ""prod"", ""Owner"": ""api-platform@hbt.co.kr"", ""Project"": ""api"", ""CostCenter"": ""CC-200""}"
2026-03-16,openai,gpt-4o-mini,api,CC-200,908117,182241,3040,0.2456,sk-8118e297ead8c0ad,"{""Environment"": ""prod"", ""Owner"": ""api-platform@hbt.co.kr"", ""Project"": ""api"", ""CostCenter"": ""CC-200""}"
2026-03-17,openai,gpt-4o-mini,api,CC-200,1118742,177478,3211,0.2743,sk-8118e297ead8c0ad,"{""Environment"": ""prod"", ""Owner"": ""api-platform@hbt.co.kr"", ""Project"": ""api"", ""CostCenter"": ""CC-200""}"
2026-03-18,openai,gpt-4o-mini,api,CC-200,1163402,201971,3434,0.2957,sk-8118e297ead8c0ad,"{""Environment"": ""prod"", ""Owner"": ""api-platform@hbt.co.kr"", ""Project"": ""api"", ""CostCenter"": ""CC-200""}"
2026-03-19,openai,gpt-4o-mini,api,CC-200,1229772,177567,2721,0.291,sk-8118e297ead8c0ad,"{""Environment"": ""prod"", ""Owner"": ""api-platform@hbt.co.kr"", ""Project"": ""api"", ""CostCenter"": ""CC-200""}"
2026-03-20,openai,gpt-4o-mini,,CC-200,1055593,177638,3558,0.2649,sk-8118e297ead8c0ad,"{""Environment"": ""prod"", ""Owner"": ""api-platform@hbt.co.kr"", ""CostCenter"": ""CC-200""}"
2026-03-21,openai,gpt-4o-mini,,CC-200,717736,123950,1653,0.182,sk-8118e297ead8c0ad,"{""Environment"": ""prod"", ""Owner"": ""api-platform@hbt.co.kr"", ""CostCenter"": ""CC-200""}"
2026-03-22,openai,gpt-4o-mini,api,CC-200,721426,119087,1686,0.1797,sk-8118e297ead8c0ad,"{""Environment"": ""prod"", ""Owner"": ""api-platform@hbt.co.kr"", ""Project"": ""api"", ""CostCenter"": ""CC-200""}"
2026-03-23,openai,gpt-4o-mini,api,CC-200,1200977,173538,3490,0.2843,sk-8118e297ead8c0ad,"{""Environment"": ""prod"", ""Owner"": ""api-platform@hbt.co.kr"", ""Project"": ""api"", ""CostCenter"": ""CC-200""}"
2026-03-24,openai,gpt-4o-mini,api,CC-200,1005655,214577,2880,0.2796,sk-8118e297ead8c0ad,"{""Environment"": ""prod"", ""Owner"": ""api-platform@hbt.co.kr"", ""Project"": ""api"", ""CostCenter"": ""CC-200""}"
2026-03-25,openai,gpt-4o-mini,api,CC-200,1101643,196246,3508,0.283,sk-8118e297ead8c0ad,"{""Environment"": ""prod"", ""Owner"": ""api-platform@hbt.co.kr"", ""Project"": ""api"", ""CostCenter"": ""CC-200""}"
2026-03-26,openai,gpt-4o-mini,api,CC-200,998501,193984,3446,0.2662,sk-8118e297ead8c0ad,"{""Environment"": ""prod"", ""Owner"": ""api-platform@hbt.co.kr"", ""Project"": ""api"", ""CostCenter"": ""CC-200""}"
2026-03-27,openai,gpt-4o-mini,api,CC-200,929421,201639,3327,0.2604,sk-8118e297ead8c0ad,"{""Environment"": ""prod"", ""Owner"": ""api-platform@hbt.co.kr"", ""Project"": ""api"", ""CostCenter"": ""CC-200""}"
2026-03-28,openai,gpt-4o-mini,api,CC-200,752990,127044,2151,0.1892,sk-8118e297ead8c0ad,"{""Environment"": ""prod"", ""Owner"": ""api-platform@hbt.co.kr"", ""Project"": ""api"", ""CostCenter"": ""CC-200""}"
2026-03-29,openai,gpt-4o-mini,api,CC-200,662650,98877,1642,0.1587,sk-8118e297ead8c0ad,"{""Environment"": ""prod"", ""Owner"": ""api-platform@hbt.co.kr"", ""Project"": ""api"", ""CostCenter"": ""CC-200""}"
2026-03-30,openai,gpt-4o-mini,api,CC-200,1053345,203232,2743,0.2799,sk-8118e297ead8c0ad,"{""Environment"": ""prod"", ""Owner"": ""api-platform@hbt.co.kr"", ""Project"": ""api"", ""CostCenter"": ""CC-200""}"
2026-03-31,openai,gpt-4o-mini,api,CC-200,918025,212562,2721,0.2652,sk-8118e297ead8c0ad,"{""Environment"": ""prod"", ""Owner"": ""api-platform@hbt.co.kr"", ""Project"": ""api"", ""CostCenter"": ""CC-200""}"
2026-03-02,openai,o1,ml,CC-100,86673,161134,58,10.9681,sk-1f5c7cc8a058fb10,"{""Environment"": ""dev"", ""Owner"": ""rnd@hbt.co.kr"", ""Project"": ""ml"", ""CostCenter"": ""CC-100""}"
2026-03-05,openai,o1,ml,CC-100,71825,132963,51,9.0552,sk-1f5c7cc8a058fb10,"{""Environment"": ""dev"", ""Owner"": ""rnd@hbt.co.kr"", ""Project"": ""ml"", ""CostCenter"": ""CC-100""}"
2026-03-09,openai,o1,ml,CC-100,90413,235729,74,15.4999,sk-1f5c7cc8a058fb10,"{""Environment"": ""dev"", ""Owner"": ""rnd@hbt.co.kr"", ""Project"": ""ml"", ""CostCenter"": ""CC-100""}"
2026-03-12,openai,o1,ml,CC-100,102884,226904,48,15.1575,sk-1f5c7cc8a058fb10,"{""Environment"": ""dev"", ""Owner"": ""rnd@hbt.co.kr"", ""Project"": ""ml"", ""CostCenter"": ""CC-100""}"
2026-03-16,openai,o1,ml,CC-100,177563,151264,72,11.7393,sk-1f5c7cc8a058fb10,"{""Environment"": ""dev"", ""Owner"": ""rnd@hbt.co.kr"", ""Project"": ""ml"", ""CostCenter"": ""CC-100""}"
2026-03-20,openai,o1,ml,CC-100,75747,125250,40,8.6512,sk-1f5c7cc8a058fb10,"{""Environment"": ""dev"", ""Owner"": ""rnd@hbt.co.kr"", ""Project"": ""ml"", ""CostCenter"": ""CC-100""}"
2026-03-24,openai,o1,ml,CC-100,109990,136765,57,9.8558,sk-1f5c7cc8a058fb10,"{""Environment"": ""dev"", ""Owner"": ""rnd@hbt.co.kr"", ""Project"": ""ml"", ""CostCenter"": ""CC-100""}"
2026-03-27,openai,o1,ml,CC-100,155785,131670,79,10.237,sk-1f5c7cc8a058fb10,"{""Environment"": ""dev"", ""Owner"": ""rnd@hbt.co.kr"", ""Project"": ""ml"", ""CostCenter"": ""CC-100""}"
2026-03-30,openai,o1,,CC-100,102530,114614,70,8.4148,sk-1f5c7cc8a058fb10,"{""Environment"": ""dev"", ""Owner"": ""rnd@hbt.co.kr"", ""CostCenter"": ""CC-100""}"
2026-03-03,anthropic,claude-3-haiku,api,CC-200,183475,49775,1192,0.1081,sk-a474c1f032637de4,"{""Environment"": ""stg"", ""Owner"": ""api-platform@hbt.co.kr"", ""Project"": ""api"", ""CostCenter"": ""CC-200""}"
2026-03-07,anthropic,claude-3-haiku,api,CC-200,210551,41962,955,0.1051,sk-a474c1f032637de4,"{""Environment"": ""stg"", ""Owner"": ""api-platform@hbt.co.kr"", ""Project"": ""api"", ""CostCenter"": ""CC-200""}"
2026-03-10,anthropic,claude-3-haiku,api,CC-200,228963,50930,723,0.1209,sk-a474c1f032637de4,"{""Environment"": ""stg"", ""Owner"": ""api-platform@hbt.co.kr"", ""Project"": ""api"", ""CostCenter"": ""CC-200""}"
2026-03-14,anthropic,claude-3-haiku,api,CC-200,154872,42347,974,0.0917,sk-a474c1f032637de4,"{""Environment"": ""stg"", ""Owner"": ""api-platform@hbt.co.kr"", ""Project"": ""api"", ""CostCenter"": ""CC-200""}"
2026-03-18,anthropic,claude-3-haiku,api,CC-200,154873,44187,1114,0.094,sk-a474c1f032637de4,"{""Environment"": ""stg"", ""Owner"": ""api-platform@hbt.co.kr"", ""Project"": ""api"", ""CostCenter"": ""CC-200""}"
2026-03-21,anthropic,claude-3-haiku,api,CC-200,127757,40899,1038,0.0831,sk-a474c1f032637de4,"{""Environment"": ""stg"", ""Owner"": ""api-platform@hbt.co.kr"", ""Project"": ""api"", ""CostCenter"": ""CC-200""}"
2026-03-25,anthropic,claude-3-haiku,api,CC-200,143717,36534,860,0.0816,sk-a474c1f032637de4,"{""Environment"": ""stg"", ""Owner"": ""api-platform@hbt.co.kr"", ""Project"": ""api"", ""CostCenter"": ""CC-200""}"
2026-03-28,anthropic,claude-3-haiku,api,CC-200,156694,46522,945,0.0973,sk-a474c1f032637de4,"{""Environment"": ""stg"", ""Owner"": ""api-platform@hbt.co.kr"", ""Project"": ""api"", ""CostCenter"": ""CC-200""}"
2026-03-02,anthropic,claude-3-5-sonnet,ml,CC-300,2471775,935597,3389,21.4493,sk-ca993cfcd23b6445,"{""Environment"": ""prod"", ""Owner"": ""ml-platform@hbt.co.kr"", ""Project"": ""ml"", ""CostCenter"": ""CC-300""}"
2026-03-09,anthropic,claude-3-5-sonnet,ml,CC-300,2260462,879799,3666,19.9784,sk-ca993cfcd23b6445,"{""Environment"": ""prod"", ""Owner"": ""ml-platform@hbt.co.kr"", ""Project"": ""ml"", ""CostCenter"": ""CC-300""}"
2026-03-16,anthropic,claude-3-5-sonnet,ml,CC-300,2120017,958647,4252,20.7398,sk-ca993cfcd23b6445,"{""Environment"": ""prod"", ""Owner"": ""ml-platform@hbt.co.kr"", ""Project"": ""ml"", ""CostCenter"": ""CC-300""}"
2026-03-23,anthropic,claude-3-5-sonnet,,CC-300,2779008,772640,3093,19.9266,sk-ca993cfcd23b6445,"{""Environment"": ""prod"", ""Owner"": ""ml-platform@hbt.co.kr"", ""CostCenter"": ""CC-300""}"
2026-03-30,anthropic,claude-3-5-sonnet,ml,CC-300,1645715,656785,3707,14.7889,sk-ca993cfcd23b6445,"{""Environment"": ""prod"", ""Owner"": ""ml-platform@hbt.co.kr"", ""Project"": ""ml"", ""CostCenter"": ""CC-300""}"
2026-03-06,openai,gpt-4o-mini,data,CC-300,798188,258765,979,0.275,sk-ef33df2e10e97d61,"{""Environment"": ""prod"", ""Owner"": ""data-platform@hbt.co.kr"", ""Project"": ""data"", ""CostCenter"": ""CC-300""}"
2026-03-13,openai,gpt-4o-mini,data,CC-300,797775,254842,963,0.2726,sk-ef33df2e10e97d61,"{""Environment"": ""prod"", ""Owner"": ""data-platform@hbt.co.kr"", ""Project"": ""data"", ""CostCenter"": ""CC-300""}"
2026-03-20,openai,gpt-4o-mini,data,CC-300,862497,293523,990,0.3055,sk-ef33df2e10e97d61,"{""Environment"": ""prod"", ""Owner"": ""data-platform@hbt.co.kr"", ""Project"": ""data"", ""CostCenter"": ""CC-300""}"
2026-03-27,openai,gpt-4o-mini,data,CC-300,808421,242828,866,0.267,sk-ef33df2e10e97d61,"{""Environment"": ""prod"", ""Owner"": ""data-platform@hbt.co.kr"", ""Project"": ""data"", ""CostCenter"": ""CC-300""}"
2026-03-01,anthropic,claude-3-5-sonnet,api,CC-100,110596,79838,95,1.5294,sk-443faa09d4f44a57,"{""Environment"": ""dev"", ""Owner"": ""infra@hbt.co.kr"", ""Project"": ""api"", ""CostCenter"": ""CC-100""}"
2026-03-04,anthropic,claude-3-5-sonnet,,CC-100,145710,80133,156,1.6391,sk-443faa09d4f44a57,"{""Environment"": ""dev"", ""Owner"": ""infra@hbt.co.kr"", ""CostCenter"": ""CC-100""}"
2026-03-06,anthropic,claude-3-5-sonnet,api,CC-100,124999,67330,166,1.3849,sk-443faa09d4f44a57,"{""Environment"": ""dev"", ""Owner"": ""infra@hbt.co.kr"", ""Project"": ""api"", ""CostCenter"": ""CC-100""}"
2026-03-08,anthropic,claude-3-5-sonnet,api,CC-100,135878,72449,123,1.4944,sk-443faa09d4f44a57,"{""Environment"": ""dev"", ""Owner"": ""infra@hbt.co.kr"", ""Project"": ""api"", ""CostCenter"": ""CC-100""}"
2026-03-11,anthropic,claude-3-5-sonnet,api,CC-100,174944,48465,100,1.2518,sk-443faa09d4f44a57,"{""Environment"": ""dev"", ""Owner"": ""infra@hbt.co.kr"", ""Project"": ""api"", ""CostCenter"": ""CC-100""}"
2026-03-13,anthropic,claude-3-5-sonnet,api,CC-100,91510,86385,134,1.5703,sk-443faa09d4f44a57,"{""Environment"": ""dev"", ""Owner"": ""infra@hbt.co.kr"", ""Project"": ""api"", ""CostCenter"": ""CC-100""}"
2026-03-15,anthropic,claude-3-5-sonnet,api,CC-100,117492,54155,103,1.1648,sk-443faa09d4f44a57,"{""Environment"": ""dev"", ""Owner"": ""infra@hbt.co.kr"", ""Project"": ""api"", ""CostCenter"": ""CC-100""}"
2026-03-17,anthropic,claude-3-5-sonnet,,CC-100,204220,43794,85,1.2696,sk-443faa09d4f44a57,"{""Environment"": ""dev"", ""Owner"": ""infra@hbt.co.kr"", ""CostCenter"": ""CC-100""}"
2026-03-22,anthropic,claude-3-5-sonnet,api,CC-100,166907,50322,94,1.2556,sk-443faa09d4f44a57,"{""Environment"": ""dev"", ""Owner"": ""infra@hbt.co.kr"", ""Project"": ""api"", ""CostCenter"": ""CC-100""}"
2026-03-26,anthropic,claude-3-5-sonnet,api,CC-100,89750,75963,86,1.4087,sk-443faa09d4f44a57,"{""Environment"": ""dev"", ""Owner"": ""infra@hbt.co.kr"", ""Project"": ""api"", ""CostCenter"": ""CC-100""}"
2026-03-29,anthropic,claude-3-5-sonnet,api,CC-100,173876,57123,98,1.3785,sk-443faa09d4f44a57,"{""Environment"": ""dev"", ""Owner"": ""infra@hbt.co.kr"", ""Project"": ""api"", ""CostCenter"": ""CC-100""}"
